Date,Y,Lag_1
2015/1/2,5.0325,5.0125
2015/1/5,4.9475,5.0325
2015/1/6,4.7975,4.9475
2015/1/7,4.785,4.7975
2015/1/8,4.965,4.785
2015/1/9,4.985,4.965
2015/1/12,4.9225,4.985
2015/1/13,4.915,4.9225
2015/1/14,4.935,4.915
2015/1/15,4.9,4.935
2015/1/16,4.99,4.9
2015/1/20,5.005,4.99
2015/1/21,5.075,5.005
2015/1/22,5.1625,5.075
2015/1/23,5.1775,5.1625
2015/1/26,5.155,5.1775
2015/1/27,4.9075,5.155
2015/1/28,4.8275,4.9075
2015/1/29,4.945,4.8275
2015/1/30,4.8,4.945
2015/2/2,4.905,4.8
2015/2/3,5.0275,4.905
2015/2/4,5.04,5.0275
2015/2/5,5.1225,5.04
2015/2/6,5.1,5.1225
2015/2/9,5.095,5.1
2015/2/10,5.2375,5.095
2015/2/11,5.2025,5.2375
2015/2/12,5.575,5.2025
2015/2/13,5.5775,5.575
2015/2/17,5.595,5.5775
2015/2/18,5.53,5.595
2015/2/19,5.545,5.53
2015/2/20,5.585,5.545
2015/2/23,5.54,5.585
2015/2/24,5.5775,5.54
2015/2/25,5.535,5.5775
2015/2/26,5.55,5.535
2015/2/27,5.515,5.55
2015/3/2,5.65,5.515
2015/3/3,5.545,5.65
2015/3/4,5.6075,5.545
2015/3/5,5.715,5.6075
2015/3/6,5.6375,5.715
2015/3/9,5.6525,5.6375
2015/3/10,5.75,5.6525
2015/3/11,5.72,5.75
2015/3/12,5.6675,5.72
2015/3/13,5.675,5.6675
2015/3/16,5.7425,5.675
2015/3/17,5.8125,5.7425
2015/3/18,5.7175,5.8125
2015/3/19,5.805,5.7175
2015/3/20,5.8675,5.805
2015/3/23,5.6775,5.8675
2015/3/24,5.6,5.6775
2015/3/25,5.26,5.6
2015/3/26,5.2425,5.26
2015/3/27,5.345,5.2425
2015/3/30,5.3675,5.345
2015/3/31,5.2325,5.3675
2015/4/1,5.2525,5.2325
2015/4/2,5.265,5.2525
2015/4/6,5.4175,5.265
2015/4/7,5.465,5.4175
2015/4/8,5.505,5.465
2015/4/9,5.6325,5.505
2015/4/10,5.69,5.6325
2015/4/13,5.6375,5.69
2015/4/14,5.59,5.6375
2015/4/15,5.6575,5.59
2015/4/16,5.6225,5.6575
2015/4/17,5.55,5.6225
2015/4/20,5.5225,5.55
2015/4/21,5.515,5.5225
2015/4/22,5.5775,5.515
2015/4/23,5.555,5.5775
2015/4/24,5.5075,5.555
2015/4/27,5.55,5.5075
2015/4/28,5.5775,5.55
2015/4/29,5.535,5.5775
2015/4/30,5.55,5.535
2015/5/1,5.6875,5.55
2015/5/4,5.6525,5.6875
2015/5/5,5.5075,5.6525
2015/5/6,5.525,5.5075
2015/5/7,5.6225,5.525
2015/5/8,5.2075,5.6225
2015/5/11,5.1575,5.2075
2015/5/12,5.2075,5.1575
2015/5/13,5.2375,5.2075
2015/5/14,5.3225,5.2375
2015/5/15,5.325,5.3225
2015/5/18,5.3175,5.325
2015/5/19,5.26,5.3175
2015/5/20,5.26,5.26
2015/5/21,5.2225,5.26
2015/5/22,5.215,5.2225
2015/5/26,5.1825,5.215
2015/5/27,5.46,5.1825
2015/5/28,5.535,5.46
2015/5/29,5.5325,5.535
2015/6/1,5.595,5.5325
2015/6/2,5.485,5.595
2015/6/3,5.425,5.485
2015/6/4,5.5225,5.425
2015/6/5,5.565,5.5225
2015/6/8,5.4375,5.565
2015/6/9,5.465,5.4375
2015/6/10,5.3675,5.465
2015/6/11,5.425,5.3675
2015/6/12,5.2775,5.425
2015/6/15,5.2675,5.2775
2015/6/16,5.3325,5.2675
2015/6/17,5.395,5.3325
2015/6/18,5.485,5.395
2015/6/19,5.4675,5.485
2015/6/22,5.445,5.4675
2015/6/23,5.305,5.445
2015/6/24,5.2525,5.305
2015/6/25,5.2925,5.2525
2015/6/26,5.185,5.2925
2015/6/29,5.03,5.185
2015/6/30,5.0275,5.03
2015/7/1,5.1,5.0275
2015/7/2,5.105,5.1
2015/7/6,5.0425,5.105
2015/7/7,4.9475,5.0425
2015/7/8,4.9125,4.9475
2015/7/9,4.8525,4.9125
2015/7/10,4.9375,4.8525
2015/7/13,4.97,4.9375
2015/7/14,4.9725,4.97
2015/7/15,4.9375,4.9725
2015/7/16,5.0475,4.9375
2015/7/17,5.0175,5.0475
2015/7/20,4.925,5.0175
2015/7/21,4.9475,4.925
2015/7/22,4.8525,4.9475
2015/7/23,4.9125,4.8525
2015/7/24,4.855,4.9125
2015/7/27,4.8275,4.855
2015/7/28,4.9325,4.8275
2015/7/29,4.9925,4.9325
2015/7/30,5.005,4.9925
2015/7/31,4.9875,5.005
2015/8/3,5.0725,4.9875
2015/8/4,5.0925,5.0725
2015/8/5,5.145,5.0925
2015/8/6,5.1125,5.145
2015/8/7,5.745,5.1125
2015/8/10,5.945,5.745
2015/8/11,5.915,5.945
2015/8/12,5.93,5.915
2015/8/13,5.88,5.93
2015/8/14,5.885,5.88
2015/8/17,5.8475,5.885
2015/8/18,5.77,5.8475
2015/8/19,5.7475,5.77
2015/8/20,5.54,5.7475
2015/8/21,5.3675,5.54
2015/8/24,5.1775,5.3675
2015/8/25,5.07,5.1775
2015/8/26,5.4525,5.07
2015/8/27,5.6575,5.4525
2015/8/28,5.6825,5.6575
2015/8/31,5.62,5.6825
2015/9/1,5.39,5.62
2015/9/2,5.5525,5.39
2015/9/3,5.5675,5.5525
2015/9/4,5.4375,5.5675
2015/9/8,5.67,5.4375
2015/9/9,5.5575,5.67
2015/9/10,5.645,5.5575
2015/9/11,5.6625,5.645
2015/9/14,5.6725,5.6625
2015/9/15,5.735,5.6725
2015/9/16,5.775,5.735
2015/9/17,5.8275,5.775
2015/9/18,5.8225,5.8275
2015/9/21,5.8825,5.8225
2015/9/22,5.7225,5.8825
2015/9/23,5.75,5.7225
2015/9/24,5.86,5.75
2015/9/25,5.9025,5.86
2015/9/28,5.825,5.9025
2015/9/29,5.9275,5.825
2015/9/30,6.1625,5.9275
2015/10/1,6.0425,6.1625
2015/10/2,6.2,6.0425
2015/10/5,6.355,6.2
2015/10/6,6.4375,6.355
2015/10/7,6.505,6.4375
2015/10/8,6.5425,6.505
2015/10/9,6.5175,6.5425
2015/10/12,6.5875,6.5175
2015/10/13,6.6,6.5875
2015/10/14,6.84,6.6
2015/10/15,6.8575,6.84
2015/10/16,6.965,6.8575
2015/10/19,6.9525,6.965
2015/10/20,6.9425,6.9525
2015/10/21,6.8525,6.9425
2015/10/22,7.1,6.8525
2015/10/23,7.1475,7.1
2015/10/26,7.115,7.1475
2015/10/27,7.11,7.115
2015/10/28,7.1675,7.11
2015/10/29,6.92,7.1675
2015/10/30,7.0925,6.92
2015/11/2,7.175,7.0925
2015/11/3,7.125,7.175
2015/11/4,7.0075,7.125
2015/11/5,6.9275,7.0075
2015/11/6,7.8875,6.9275
2015/11/9,7.8525,7.8875
2015/11/10,7.7025,7.8525
2015/11/11,7.6275,7.7025
2015/11/12,7.6,7.6275
2015/11/13,7.45,7.6
2015/11/16,7.6,7.45
2015/11/17,7.6,7.6
2015/11/18,7.7575,7.6
2015/11/19,7.78,7.7575
2015/11/20,7.8475,7.78
2015/11/23,7.73,7.8475
2015/11/24,7.7925,7.73
2015/11/25,7.7825,7.7925
2015/11/27,7.8475,7.7825
2015/11/30,7.93,7.8475
2015/12/1,8.1875,7.93
2015/12/2,8.125,8.1875
2015/12/3,8.1075,8.125
2015/12/4,8.4375,8.1075
2015/12/7,8.2775,8.4375
2015/12/8,8.39,8.2775
2015/12/9,8.1775,8.39
2015/12/10,8.245,8.1775
2015/12/11,8.1225,8.245
2015/12/14,8.1425,8.1225
2015/12/15,8.2425,8.1425
2015/12/16,8.2925,8.2425
2015/12/17,8.1675,8.2925
2015/12/18,8.035,8.1675
2015/12/21,8.225,8.035
2015/12/22,8.2325,8.225
2015/12/23,8.265,8.2325
2015/12/24,8.2925,8.265
2015/12/28,8.285,8.2925
2015/12/29,8.42,8.285
2015/12/30,8.3475,8.42
2015/12/31,8.24,8.3475
2016/1/4,8.0925,8.24
2016/1/5,8.2225,8.0925
2016/1/6,7.8825,8.2225
2016/1/7,7.57,7.8825
2016/1/8,7.4075,7.57
2016/1/11,7.42,7.4075
2016/1/12,7.545,7.42
2016/1/13,7.315,7.545
2016/1/14,7.1675,7.315
2016/1/15,6.7775,7.1675
2016/1/19,6.8325,6.7775
2016/1/20,6.87,6.8325
2016/1/21,6.95,6.87
2016/1/22,7.1125,6.95
2016/1/25,7.105,7.1125
2016/1/26,7.175,7.105
2016/1/27,7.09,7.175
2016/1/28,7.0125,7.09
2016/1/29,7.3225,7.0125
2016/2/1,7.325,7.3225
2016/2/2,7.015,7.325
2016/2/3,7.05,7.015
2016/2/4,7.0525,7.05
2016/2/5,6.6075,7.0525
2016/2/8,6.305,6.6075
2016/2/9,6.3725,6.305
2016/2/10,6.3575,6.3725
2016/2/11,6.325,6.3575
2016/2/12,6.4325,6.325
2016/2/16,6.7475,6.4325
2016/2/17,6.915,6.7475
2016/2/18,7.51,6.915
2016/2/19,7.61,7.51
2016/2/22,7.88,7.61
2016/2/23,7.9,7.88
2016/2/24,7.955,7.9
2016/2/25,7.9725,7.955
2016/2/26,7.92,7.9725
2016/2/29,7.84,7.92
2016/3/1,8.1875,7.84
2016/3/2,8.235,8.1875
2016/3/3,8.1625,8.235
2016/3/4,8.1375,8.1625
2016/3/7,8.085,8.1375
2016/3/8,7.9375,8.085
2016/3/9,7.9325,7.9375
2016/3/10,7.92,7.9325
2016/3/11,8.055,7.92
2016/3/14,8.075,8.055
2016/3/15,8.035,8.075
2016/3/16,8.275,8.035
2016/3/17,8.205,8.275
2016/3/18,8.4525,8.205
2016/3/21,8.4775,8.4525
2016/3/22,8.4625,8.4775
2016/3/23,8.6075,8.4625
2016/3/24,8.62,8.6075
2016/3/28,8.7075,8.62
2016/3/29,8.8475,8.7075
2016/3/30,8.94,8.8475
2016/3/31,8.9075,8.94
2016/4/1,9.0375,8.9075
2016/4/4,8.95,9.0375
2016/4/5,8.9375,8.95
2016/4/6,8.95,8.9375
2016/4/7,8.8575,8.95
2016/4/8,8.915,8.8575
2016/4/11,8.97,8.915
2016/4/12,8.96,8.97
2016/4/13,9.185,8.96
2016/4/14,9.21,9.185
2016/4/15,9.2825,9.21
2016/4/18,9.2425,9.2825
2016/4/19,9.0775,9.2425
2016/4/20,9.1125,9.0775
2016/4/21,9.1025,9.1125
2016/4/22,9.0675,9.1025
2016/4/25,9.1125,9.0675
2016/4/26,9.12,9.1125
2016/4/27,9.3275,9.12
2016/4/28,9.05,9.3275
2016/4/29,8.8825,9.05
2016/5/2,9,8.8825
2016/5/3,8.8925,9
2016/5/4,8.69,8.8925
2016/5/5,8.7425,8.69
2016/5/6,8.8325,8.7425
2016/5/9,8.82,8.8325
2016/5/10,8.99,8.82
2016/5/11,9.015,8.99
2016/5/12,8.8925,9.015
2016/5/13,10.245,8.8925
2016/5/16,10.5475,10.245
2016/5/17,10.57,10.5475
2016/5/18,10.84,10.57
2016/5/19,10.8875,10.84
2016/5/20,11.0825,10.8875
2016/5/23,11.1,11.0825
2016/5/24,11.34,11.1
2016/5/25,11.2925,11.34
2016/5/26,11.4125,11.2925
2016/5/27,11.475,11.4125
2016/5/31,11.68,11.475
2016/6/1,11.7025,11.68
2016/6/2,11.785,11.7025
2016/6/3,11.62,11.785
2016/6/6,11.56,11.62
2016/6/7,11.5825,11.56
2016/6/8,11.545,11.5825
2016/6/9,11.845,11.545
2016/6/10,11.55,11.845
2016/6/13,11.6975,11.55
2016/6/14,11.72,11.6975
2016/6/15,11.84,11.72
2016/6/16,11.8875,11.84
2016/6/17,11.68,11.8875
2016/6/20,11.89,11.68
2016/6/21,11.8175,11.89
2016/6/22,11.8075,11.8175
2016/6/23,12.1225,11.8075
2016/6/24,11.4325,12.1225
2016/6/27,11.31,11.4325
2016/6/28,11.475,11.31
2016/6/29,11.6625,11.475
2016/6/30,11.7525,11.6625
2016/7/1,11.665,11.7525
2016/7/5,11.8375,11.665
2016/7/6,11.9125,11.8375
2016/7/7,12.2225,11.9125
2016/7/8,12.7125,12.2225
2016/7/11,13.005,12.7125
2016/7/12,13.2,13.005
2016/7/13,13.195,13.2
2016/7/14,13.33,13.195
2016/7/15,13.175,13.33
2016/7/18,13.2425,13.175
2016/7/19,13.38,13.2425
2016/7/20,13.555,13.38
2016/7/21,13.305,13.555
2016/7/22,13.6675,13.305
2016/7/25,13.92,13.6675
2016/7/26,14.1575,13.92
2016/7/27,14.015,14.1575
2016/7/28,14.045,14.015
2016/7/29,14.275,14.045
2016/8/1,14.1825,14.275
2016/8/2,14.01,14.1825
2016/8/3,14.0475,14.01
2016/8/4,14.3075,14.0475
2016/8/5,14.55,14.3075
2016/8/8,14.685,14.55
2016/8/9,14.7225,14.685
2016/8/10,14.6275,14.7225
2016/8/11,14.925,14.6275
2016/8/12,15.76,14.925
2016/8/15,15.745,15.76
2016/8/16,15.65,15.745
2016/8/17,15.2875,15.65
2016/8/18,15.525,15.2875
2016/8/19,15.565,15.525
2016/8/22,15.63,15.565
2016/8/23,15.7275,15.63
2016/8/24,15.485,15.7275
2016/8/25,15.3825,15.485
2016/8/26,15.5075,15.3825
2016/8/29,15.4975,15.5075
2016/8/30,15.4075,15.4975
2016/8/31,15.335,15.4075
2016/9/1,15.7875,15.335
2016/9/2,15.6325,15.7875
2016/9/6,15.78,15.6325
2016/9/7,15.5475,15.78
2016/9/8,15.66,15.5475
2016/9/9,14.88,15.66
2016/9/12,15.1875,14.88
2016/9/13,14.9675,15.1875
2016/9/14,15.1,14.9675
2016/9/15,15.6725,15.1
2016/9/16,15.71,15.6725
2016/9/19,15.9175,15.71
2016/9/20,15.7725,15.9175
2016/9/21,16.215,15.7725
2016/9/22,16.254999,16.215
2016/9/23,16.237499,16.254999
2016/9/26,16.084999,16.237499
2016/9/27,16.635,16.084999
2016/9/28,16.695,16.635
2016/9/29,16.85,16.695
2016/9/30,17.129999,16.85
2016/10/3,17.112499,17.129999
2016/10/4,17.075001,17.112499
2016/10/5,17.057501,17.075001
2016/10/6,16.834999,17.057501
2016/10/7,16.7125,16.834999
2016/10/10,16.775,16.7125
2016/10/11,16.532499,16.775
2016/10/12,16.6075,16.532499
2016/10/13,16.3375,16.6075
2016/10/14,16.497499,16.3375
2016/10/17,16.4025,16.497499
2016/10/18,16.6525,16.4025
2016/10/19,16.6175,16.6525
2016/10/20,16.932501,16.6175
2016/10/21,16.885,16.932501
2016/10/24,17.6775,16.885
2016/10/25,17.967501,17.6775
2016/10/26,18.040001,17.967501
2016/10/27,17.67,18.040001
2016/10/28,17.639999,17.67
2016/10/31,17.790001,17.639999
2016/11/1,17.262501,17.790001
2016/11/2,17.190001,17.262501
2016/11/3,16.99,17.190001
2016/11/4,16.8925,16.99
2016/11/7,17.817499,16.8925
2016/11/8,17.790001,17.817499
2016/11/9,17.49,17.790001
2016/11/10,16.942499,17.49
2016/11/11,21.9925,16.942499
2016/11/14,20.91,21.9925
2016/11/15,21.547501,20.91
2016/11/16,22.907499,21.547501
2016/11/17,23.0975,22.907499
2016/11/18,23.34,23.0975
2016/11/21,23.245001,23.34
2016/11/22,23.4125,23.245001
2016/11/23,23.4925,23.4125
2016/11/25,23.540001,23.4925
2016/11/28,23.5275,23.540001
2016/11/29,23.3125,23.5275
2016/11/30,23.049999,23.3125
2016/12/1,21.91,23.049999
2016/12/2,22.112499,21.91
2016/12/5,22.969999,22.112499
2016/12/6,23.3475,22.969999
2016/12/7,23.7675,23.3475
2016/12/8,23.370001,23.7675
2016/12/9,22.955,23.370001
2016/12/12,22.397499,22.955
2016/12/13,22.7925,22.397499
2016/12/14,24.112499,22.7925
2016/12/15,24.6775,24.112499
2016/12/16,25.102501,24.6775
2016/12/19,25.407499,25.102501
2016/12/20,26.2925,25.407499
2016/12/21,26.4575,26.2925
2016/12/22,26.7775,26.4575
2016/12/23,27.445,26.7775
2016/12/27,29.33,27.445
2016/12/28,27.3125,29.33
2016/12/29,27.8575,27.3125
2016/12/30,26.684999,27.8575
2017/1/3,25.502501,26.684999
2017/1/4,26.0975,25.502501
2017/1/5,25.434999,26.0975
2017/1/6,25.775,25.434999
2017/1/9,26.82,25.775
2017/1/10,26.6175,26.82
2017/1/11,26.290001,26.6175
2017/1/12,25.860001,26.290001
2017/1/13,25.8575,25.860001
2017/1/17,25.2775,25.8575
2017/1/18,25.737499,25.2775
2017/1/19,26.290001,25.737499
2017/1/20,26.002501,26.290001
2017/1/23,26.272499,26.002501
2017/1/24,26.8325,26.272499
2017/1/25,26.9475,26.8325
2017/1/26,27.4125,26.9475
2017/1/27,27.942499,27.4125
2017/1/30,27.504999,27.942499
2017/1/31,27.295,27.504999
2017/2/1,28.487499,27.295
2017/2/2,28.8475,28.487499
2017/2/3,28.594999,28.8475
2017/2/6,29.327499,28.594999
2017/2/7,29.782499,29.327499
2017/2/8,29.6525,29.782499
2017/2/9,29.094999,29.6525
2017/2/10,28.405001,29.094999
2017/2/13,27.094999,28.405001
2017/2/14,27.195,27.094999
2017/2/15,27.25,27.195
2017/2/16,26.8125,27.25
2017/2/17,26.807501,26.8125
2017/2/21,27.7675,26.807501
2017/2/22,27.690001,27.7675
2017/2/23,25.122499,27.690001
2017/2/24,25.365,25.122499
2017/2/27,26.102501,25.365
2017/2/28,25.370001,26.102501
2017/3/1,25.6975,25.370001
2017/3/2,24.75,25.6975
2017/3/3,24.6075,24.75
2017/3/6,24.4175,24.6075
2017/3/7,24.684999,24.4175
2017/3/8,24.639999,24.684999
2017/3/9,24.635,24.639999
2017/3/10,24.780001,24.635
2017/3/13,25.4625,24.780001
2017/3/14,25.445,25.4625
2017/3/15,25.637501,25.445
2017/3/16,25.952499,25.637501
2017/3/17,26.5175,25.952499
2017/3/20,27.362499,26.5175
2017/3/21,26.477501,27.362499
2017/3/22,27.0175,26.477501
2017/3/23,26.772499,27.0175
2017/3/24,26.8675,26.772499
2017/3/27,27.0625,26.8675
2017/3/28,26.922501,27.0625
2017/3/29,26.834999,26.922501
2017/3/30,27.35,26.834999
2017/3/31,27.2325,27.35
2017/4/3,27.094999,27.2325
2017/4/4,25.195,27.094999
2017/4/5,25.0075,25.195
2017/4/6,25.190001,25.0075
2017/4/7,25.0825,25.190001
2017/4/10,24.442499,25.0825
2017/4/11,24.530001,24.442499
2017/4/12,24.327499,24.530001
2017/4/13,23.872499,24.327499
2017/4/17,24.807501,23.872499
2017/4/18,24.8225,24.807501
2017/4/19,24.92,24.8225
2017/4/20,25.315001,24.92
2017/4/21,25.42,25.315001
2017/4/24,25.737499,25.42
2017/4/25,26.184999,25.737499
2017/4/26,26.004999,26.184999
2017/4/27,26.41,26.004999
2017/4/28,26.075001,26.41
2017/5/1,26.66,26.075001
2017/5/2,25.870001,26.66
2017/5/3,26.0625,25.870001
2017/5/4,25.9625,26.0625
2017/5/5,25.965,25.9625
2017/5/8,25.692499,25.965
2017/5/9,25.735001,25.692499
2017/5/10,30.3225,25.735001
2017/5/11,31.625,30.3225
2017/5/12,31.9725,31.625
2017/5/15,33.577499,31.9725
2017/5/16,34.202499,33.577499
2017/5/17,31.93,34.202499
2017/5/18,33.267502,31.93
2017/5/19,34,33.267502
2017/5/22,34.724998,34
2017/5/23,34.2575,34.724998
2017/5/24,34.642502,34.2575
2017/5/25,34.564999,34.642502
2017/5/26,35.459999,34.564999
2017/5/30,36.217499,35.459999
2017/5/31,36.087502,36.217499
2017/6/1,36.09,36.087502
2017/6/2,35.91,36.09
2017/6/5,37.002499,35.91
2017/6/6,36.834999,37.002499
2017/6/7,37.279999,36.834999
2017/6/8,39.985001,37.279999
2017/6/9,37.400002,39.985001
2017/6/12,37.4925,37.400002
2017/6/13,37.849998,37.4925
2017/6/14,37.93,37.849998
2017/6/15,38.092499,37.93
2017/6/16,37.904999,38.092499
2017/6/19,39.330002,37.904999
2017/6/20,39.272499,39.330002
2017/6/21,39.8675,39.272499
2017/6/22,39.592499,39.8675
2017/6/23,38.4575,39.592499
2017/6/26,38.037498,38.4575
2017/6/27,36.645,38.037498
2017/6/28,37.9375,36.645
2017/6/29,36.669998,37.9375
2017/6/30,36.139999,36.669998
2017/7/3,34.8325,36.139999
2017/7/5,35.762501,34.8325
2017/7/6,35.869999,35.762501
2017/7/7,36.689999,35.869999
2017/7/10,38.424999,36.689999
2017/7/11,38.970001,38.424999
2017/7/12,40.627499,38.970001
2017/7/13,40.157501,40.627499
2017/7/14,41.237499,40.157501
2017/7/17,41.0625,41.237499
2017/7/18,41.490002,41.0625
2017/7/19,41.275002,41.490002
2017/7/20,41.875,41.275002
2017/7/21,42.025002,41.875
2017/7/24,41.537498,42.025002
2017/7/25,41.337502,41.537498
2017/7/26,41.814999,41.337502
2017/7/27,40.435001,41.814999
2017/7/28,41.0975,40.435001
2017/7/31,40.627499,41.0975
2017/8/1,41.122501,40.627499
2017/8/2,41.0975,41.122501
2017/8/3,41.619999,41.0975
2017/8/4,41.802502,41.619999
2017/8/7,43.087502,41.802502
2017/8/8,42.575001,43.087502
2017/8/9,43.0275,42.575001
2017/8/10,41.185001,43.0275
2017/8/11,38.990002,41.185001
2017/8/14,42.099998,38.990002
2017/8/15,41.744999,42.099998
2017/8/16,41.287498,41.744999
2017/8/17,40.3675,41.287498
2017/8/18,40.375,40.3675
2017/8/21,39.787498,40.375
2017/8/22,40.637501,39.787498
2017/8/23,41.450001,40.637501
2017/8/24,41.297501,41.450001
2017/8/25,40.952499,41.297501
2017/8/28,41.2425,40.952499
2017/8/29,41.174999,41.2425
2017/8/30,41.419998,41.174999
2017/8/31,42.360001,41.419998
2017/9/1,42.615002,42.360001
2017/9/5,41.477501,42.615002
2017/9/6,41.452499,41.477501
2017/9/7,41.645,41.452499
2017/9/8,40.922501,41.645
2017/9/11,42.25,40.922501
2017/9/12,42.4025,42.25
2017/9/13,42.592499,42.4025
2017/9/14,42.349998,42.592499
2017/9/15,45.0275,42.349998
2017/9/18,46.887501,45.0275
2017/9/19,46.837502,46.887501
2017/9/20,46.459999,46.837502
2017/9/21,45.189999,46.459999
2017/9/22,44.75,45.189999
2017/9/25,42.75,44.75
2017/9/26,42.990002,42.75
2017/9/27,43.932499,42.990002
2017/9/28,43.919998,43.932499
2017/9/29,44.692501,43.919998
2017/10/2,44.75,44.692501
2017/10/3,44.842499,44.75
2017/10/4,45.217499,44.842499
2017/10/5,45.192501,45.217499
2017/10/6,45.325001,45.192501
2017/10/9,46.3475,45.325001
2017/10/10,47.232498,46.3475
2017/10/11,47.735001,47.232498
2017/10/12,47.7575,47.735001
2017/10/13,48.647499,47.7575
2017/10/16,49.482498,48.647499
2017/10/17,49.4375,49.482498
2017/10/18,49.395,49.4375
2017/10/19,49.450001,49.395
2017/10/20,49.224998,49.450001
2017/10/23,49.154999,49.224998
2017/10/24,49.669998,49.154999
2017/10/25,48.415001,49.669998
2017/10/26,48.922501,48.415001
2017/10/27,50.465,48.922501
2017/10/30,50.959999,50.465
2017/10/31,51.702499,50.959999
2017/11/1,51.799999,51.702499
2017/11/2,51.485001,51.799999
2017/11/3,52.172501,51.485001
2017/11/6,52.407501,52.172501
2017/11/7,53.0075,52.407501
2017/11/8,52.290001,53.0075
2017/11/9,51.330002,52.290001
2017/11/10,54.035,51.330002
2017/11/13,53.157501,54.035
2017/11/14,53.544998,53.157501
2017/11/15,52.494999,53.544998
2017/11/16,52.9025,52.494999
2017/11/17,52.84,52.9025
2017/11/20,53.52,52.84
2017/11/21,54.012501,53.52
2017/11/22,53.732498,54.012501
2017/11/24,54.240002,53.732498
2017/11/27,53.535,54.240002
2017/11/28,52.677502,53.535
2017/11/29,49.105,52.677502
2017/11/30,50.177502,49.105
2017/12/1,49.419998,50.177502
2017/12/4,46.665001,49.419998
2017/12/5,46.935001,46.665001
2017/12/6,47.314999,46.935001
2017/12/7,47.997501,47.314999
2017/12/8,47.872501,47.997501
2017/12/11,48.665001,47.872501
2017/12/12,47.709999,48.665001
2017/12/13,46.544998,47.709999
2017/12/14,46.6175,46.544998
2017/12/15,47.889999,46.6175
2017/12/18,49.474998,47.889999
2017/12/19,49.0275,49.474998
2017/12/20,49.200001,49.0275
2017/12/21,48.9725,49.200001
2017/12/22,48.817501,48.9725
2017/12/26,49.360001,48.817501
2017/12/27,49.2925,49.360001
2017/12/28,49.349998,49.2925
2017/12/29,48.375,49.349998
2018/1/2,49.837502,48.375
2018/1/3,53.1175,49.837502
2018/1/4,53.397499,53.1175
2018/1/5,53.849998,53.397499
2018/1/8,55.5,53.849998
2018/1/9,55.485001,55.5
2018/1/10,55.919998,55.485001
2018/1/11,56.02,55.919998
2018/1/12,55.744999,56.02
2018/1/16,55.0275,55.744999
2018/1/17,56.18,55.0275
2018/1/18,56.110001,56.18
2018/1/19,57.5275,56.110001
2018/1/22,58.422501,57.5275
2018/1/23,59.727501,58.422501
2018/1/24,58.950001,59.727501
2018/1/25,59.087502,58.950001
2018/1/26,60.8325,59.087502
2018/1/29,61.712502,60.8325
2018/1/30,60.68,61.712502
2018/1/31,61.450001,60.68
2018/2/1,60.125,61.450001
2018/2/2,58.380001,60.125
2018/2/5,53.424999,58.380001
2018/2/6,56.395,53.424999
2018/2/7,57.200001,56.395
2018/2/8,54.380001,57.200001
2018/2/9,58.02,54.380001
2018/2/12,57.0075,58.02
2018/2/13,58.157501,57.0075
2018/2/14,60.355,58.157501
2018/2/15,61.625,60.355
2018/2/16,60.959999,61.625
2018/2/20,62.27,60.959999
2018/2/21,60.377499,62.27
2018/2/22,60.537498,60.377499
2018/2/23,61.482498,60.537498
2018/2/26,61.645,61.482498
2018/2/27,61.514999,61.645
2018/2/28,60.5,61.514999
2018/3/1,58.052502,60.5
2018/3/2,59.134998,58.052502
2018/3/5,58.912498,59.134998
2018/3/6,60.540001,58.912498
2018/3/7,60.459999,60.540001
2018/3/8,60.294998,60.459999
2018/3/9,61.3325,60.294998
2018/3/12,62.439999,61.3325
2018/3/13,61.927502,62.439999
2018/3/14,62.185001,61.927502
2018/3/15,62.334999,62.185001
2018/3/16,62.619999,62.334999
2018/3/19,60.25,62.619999
2018/3/20,62.395,60.25
2018/3/21,62.139999,62.395
2018/3/22,60.462502,62.139999
2018/3/23,58.2425,60.462502
2018/3/26,61.119999,58.2425
2018/3/27,56.380001,61.119999
2018/3/28,55.337502,56.380001
2018/3/29,57.897499,55.337502
2018/4/2,55.262501,57.897499
2018/4/3,56.337502,55.262501
2018/4/4,56.560001,56.337502
2018/4/5,55.345001,56.560001
2018/4/6,53.5625,55.345001
2018/4/9,53.852501,53.5625
2018/4/10,56.977501,53.852501
2018/4/11,56.560001,56.977501
2018/4/12,58.650002,56.560001
2018/4/13,57.875,58.650002
2018/4/16,57.872501,57.875
2018/4/17,59.384998,57.872501
2018/4/18,59.092499,59.384998
2018/4/19,57.259998,59.092499
2018/4/20,57.177502,57.259998
2018/4/23,55.970001,57.177502
2018/4/24,55.299999,55.970001
2018/4/25,54.165001,55.299999
2018/4/26,56.305,54.165001
2018/4/27,56.5825,56.305
2018/4/30,56.224998,56.5825
2018/5/1,56.785,56.224998
2018/5/2,56.577499,56.785
2018/5/3,58.247501,56.577499
2018/5/4,59.764999,58.247501
2018/5/7,62.169998,59.764999
2018/5/8,62.599998,62.169998
2018/5/9,63.945,62.599998
2018/5/10,65.032501,63.945
2018/5/11,63.6325,65.032501
2018/5/14,63.84,63.6325
2018/5/15,61.389999,63.84
2018/5/16,61.502499,61.389999
2018/5/17,61.927502,61.502499
2018/5/18,61.485001,61.927502
2018/5/21,61.060001,61.485001
2018/5/22,60.674999,61.060001
2018/5/23,61.884998,60.674999
2018/5/24,61.922501,61.884998
2018/5/25,62.32,61.922501
2018/5/29,62.147499,62.32
2018/5/30,63.247501,62.147499
2018/5/31,63.047501,63.247501
2018/6/1,64.404999,63.047501
2018/6/4,66.212502,64.404999
2018/6/5,66.267502,66.212502
2018/6/6,66.287498,66.267502
2018/6/7,65.724998,66.287498
2018/6/8,65.57,65.724998
2018/6/11,65.154999,65.57
2018/6/12,65.644997,65.154999
2018/6/13,65.599998,65.644997
2018/6/14,66.727501,65.599998
2018/6/15,66.315002,66.727501
2018/6/18,66.272499,66.315002
2018/6/19,65.042503,66.272499
2018/6/20,65.577499,65.042503
2018/6/21,64.277496,65.577499
2018/6/22,62.737499,64.277496
2018/6/25,59.779999,62.737499
2018/6/26,60.497501,59.779999
2018/6/27,58.93,60.497501
2018/6/28,60.215,58.93
2018/6/29,59.224998,60.215
2018/7/2,60.560001,59.224998
2018/7/3,59.209999,60.560001
2018/7/5,60.682499,59.209999
2018/7/6,61.8325,60.682499
2018/7/9,62.3125,61.8325
2018/7/10,63.3125,62.3125
2018/7/11,61.8825,63.3125
2018/7/12,62.807499,61.8825
2018/7/13,62.330002,62.807499
2018/7/16,62.049999,62.330002
2018/7/17,63.422501,62.049999
2018/7/18,62.924999,63.422501
2018/7/19,63.0075,62.924999
2018/7/20,62.7225,63.0075
2018/7/23,62.352501,62.7225
2018/7/24,62.177502,62.352501
2018/7/25,62.967499,62.177502
2018/7/26,63.709999,62.967499
2018/7/27,63.005001,63.709999
2018/7/30,61.032501,63.005001
2018/7/31,61.215,61.032501
2018/8/1,61.6175,61.215
2018/8/2,62.654999,61.6175
2018/8/3,63.025002,62.654999
2018/8/6,63.5075,63.025002
2018/8/7,64.237503,63.5075
2018/8/8,64.605003,64.237503
2018/8/9,64.114998,64.605003
2018/8/10,63.697498,64.114998
2018/8/13,64.029999,63.697498
2018/8/14,65.357498,64.029999
2018/8/15,64.769997,65.357498
2018/8/16,64.360001,64.769997
2018/8/17,61.205002,64.360001
2018/8/20,61.959999,61.205002
2018/8/21,63.330002,61.959999
2018/8/22,65.705002,63.330002
2018/8/23,66.709999,65.705002
2018/8/24,68.055,66.709999
2018/8/27,68.974998,68.055
2018/8/28,68.595001,68.974998
2018/8/29,69.622498,68.595001
2018/8/30,69.452499,69.622498
2018/8/31,70.169998,69.452499
2018/9/4,70.925003,70.169998
2018/9/5,69.605003,70.925003
2018/9/6,68.18,69.605003
2018/9/7,67.964996,68.18
2018/9/10,68.682503,67.964996
2018/9/11,68.199997,68.682503
2018/9/12,67.050003,68.199997
2018/9/13,67.834999,67.050003
2018/9/14,69.107498,67.834999
2018/9/17,68.482498,69.107498
2018/9/18,67.754997,68.482498
2018/9/19,67.995003,67.754997
2018/9/20,66.57,67.995003
2018/9/21,65.862503,66.57
2018/9/24,66.425003,65.862503
2018/9/25,67.102501,66.425003
2018/9/26,66.730003,67.102501
2018/9/27,66.849998,66.730003
2018/9/28,70.254997,66.849998
2018/10/1,72.339996,70.254997
2018/10/2,71.620003,72.339996
2018/10/3,71.682503,71.620003
2018/10/4,69.822502,71.682503
2018/10/5,67.464996,69.822502
2018/10/8,66.442497,67.464996
2018/10/9,66.385002,66.442497
2018/10/10,61.422501,66.385002
2018/10/11,58.782501,61.422501
2018/10/12,61.634998,58.782501
2018/10/15,58.845001,61.634998
2018/10/16,61.4575,58.845001
2018/10/17,60.764999,61.4575
2018/10/18,59.8825,60.764999
2018/10/19,57.2925,59.8825
2018/10/22,57.805,57.2925
2018/10/23,55.264999,57.805
2018/10/24,49.852501,55.264999
2018/10/25,51.959999,49.852501
2018/10/26,49.572498,51.959999
2018/10/29,46.404999,49.572498
2018/10/30,50.75,46.404999
2018/10/31,52.7075,50.75
2018/11/1,54.5275,52.7075
2018/11/2,53.73,54.5275
2018/11/5,52.942501,53.73
2018/11/6,52.764999,52.942501
2018/11/7,53.447498,52.764999
2018/11/8,51.497501,53.447498
2018/11/9,51.4175,51.497501
2018/11/12,47.384998,51.4175
2018/11/13,49.827499,47.384998
2018/11/14,49.297501,49.827499
2018/11/15,50.5975,49.297501
2018/11/16,41.107498,50.5975
2018/11/19,36.174999,41.107498
2018/11/20,37.27,36.174999
2018/11/21,36.177502,37.27
2018/11/23,36.25,36.177502
2018/11/26,38.262501,36.25
2018/11/27,38.432499,38.262501
2018/11/28,40.017502,38.432499
2018/11/29,39.34,40.017502
2018/11/30,40.857498,39.34
2018/12/3,42.509998,40.857498
2018/12/4,39.2775,42.509998
2018/12/6,39.572498,39.2775
2018/12/7,36.9025,39.572498
2018/12/10,37.965,36.9025
2018/12/11,37.047501,37.965
2018/12/12,37.224998,37.047501
2018/12/13,37.2225,37.224998
2018/12/14,36.612499,37.2225
2018/12/17,35.895,36.612499
2018/12/18,36.735001,35.895
2018/12/19,34.627499,36.735001
2018/12/20,33.775002,34.627499
2018/12/21,32.392502,33.775002
2018/12/24,31.77,32.392502
2018/12/26,33.275002,31.77
2018/12/27,32.7925,33.275002
2018/12/28,33.412498,32.7925
2018/12/31,33.375,33.412498
2019/1/2,34.055,33.375
2019/1/3,31.997499,34.055
2019/1/4,34.047501,31.997499
2019/1/7,35.849998,34.047501
2019/1/8,34.9575,35.849998
2019/1/9,35.645,34.9575
2019/1/10,36.307499,35.645
2019/1/11,37.2075,36.307499
2019/1/14,37.610001,37.2075
2019/1/15,37.467499,37.610001
2019/1/16,37.209999,37.467499
2019/1/17,37.93,37.209999
2019/1/18,39.232498,37.93
2019/1/22,37.192501,39.232498
2019/1/23,37.322498,37.192501
2019/1/24,39.459999,37.322498
2019/1/25,40.037498,39.459999
2019/1/28,34.502499,40.037498
2019/1/29,32.900002,34.502499
2019/1/30,34.3475,32.900002
2019/1/31,35.9375,34.3475
2019/2/1,36.182499,35.9375
2019/2/4,37.294998,36.182499
2019/2/5,37.487499,37.294998
2019/2/6,38.25,37.487499
2019/2/7,36.855,38.25
2019/2/8,37.0425,36.855
2019/2/11,36.612499,37.0425
2019/2/12,37.7925,36.612499
2019/2/13,38.220001,37.7925
2019/2/14,38.6325,38.220001
2019/2/15,39.334999,38.6325
2019/2/19,39.16,39.334999
2019/2/20,39.637501,39.16
2019/2/21,38.942501,39.637501
2019/2/22,39.797501,38.942501
2019/2/25,39.672501,39.797501
2019/2/26,39.275002,39.672501
2019/2/27,38.852501,39.275002
2019/2/28,38.564999,38.852501
2019/3/1,39.112499,38.564999
2019/3/4,39.195,39.112499
2019/3/5,39.130001,39.195
2019/3/6,38.012501,39.130001
2019/3/7,37.314999,38.012501
2019/3/8,37.66,37.314999
2019/3/11,40.285,37.66
2019/3/12,40.630001,40.285
2019/3/13,42.154999,40.630001
2019/3/14,41.389999,42.154999
2019/3/15,42.452499,41.389999
2019/3/18,42.237499,42.452499
2019/3/19,43.927502,42.237499
2019/3/20,43.599998,43.927502
2019/3/21,45.985001,43.599998
2019/3/22,44.375,45.985001
2019/3/25,43.445,44.375
2019/3/26,44.217499,43.445
2019/3/27,44.125,44.217499
2019/3/28,44.3125,44.125
2019/3/29,44.889999,44.3125
2019/4/1,45.57,44.889999
2019/4/2,45.75,45.57
2019/4/3,47.154999,45.75
2019/4/4,47.064999,47.154999
2019/4/5,47.737499,47.064999
2019/4/8,47.947498,47.737499
2019/4/9,47.314999,47.947498
2019/4/10,48.025002,47.314999
2019/4/11,47.884998,48.025002
2019/4/12,47.502499,47.884998
2019/4/15,46.174999,47.502499
2019/4/16,47.052502,46.174999
2019/4/17,46.822498,47.052502
2019/4/18,46.575001,46.822498
2019/4/22,47.1175,46.575001
2019/4/23,47.6675,47.1175
2019/4/24,47.7925,47.6675
2019/4/25,46.727501,47.7925
2019/4/26,44.522499,46.727501
2019/4/29,44.8325,44.522499
2019/4/30,45.25,44.8325
2019/5/1,45.1175,45.25
2019/5/2,45.797501,45.1175
2019/5/3,45.752499,45.797501
2019/5/6,44.962502,45.752499
2019/5/7,43.2775,44.962502
2019/5/8,43.48,43.2775
2019/5/9,42.547501,43.48
2019/5/10,42.205002,42.547501
2019/5/13,39.612499,42.205002
2019/5/14,40.509998,39.612499
2019/5/15,39.895,40.509998
2019/5/16,40.047501,39.895
2019/5/17,39.1325,40.047501
2019/5/20,37.9375,39.1325
2019/5/21,38.764999,37.9375
2019/5/22,38.049999,38.764999
2019/5/23,36.830002,38.049999
2019/5/24,36.287498,36.830002
2019/5/28,35.8325,36.287498
2019/5/29,35.084999,35.8325
2019/5/30,34.7775,35.084999
2019/5/31,33.865002,34.7775
2019/6/3,33.445,33.865002
2019/6/4,35.75,33.445
2019/6/5,35.32,35.75
2019/6/6,35.945,35.32
2019/6/7,36.375,35.945
2019/6/10,37.107498,36.375
2019/6/11,37.6875,37.107498
2019/6/12,36.549999,37.6875
2019/6/13,37.064999,36.549999
2019/6/14,36.16,37.064999
2019/6/17,36.2575,36.16
2019/6/18,38.220001,36.2575
2019/6/19,38.279999,38.220001
2019/6/20,38.525002,38.279999
2019/6/21,37.939999,38.525002
2019/6/24,38.165001,37.939999
2019/6/25,37.869999,38.165001
2019/6/26,39.814999,37.869999
2019/6/27,40.807499,39.814999
2019/6/28,41.057499,40.807499
2019/7/1,41.5425,41.057499
2019/7/2,40.557499,41.5425
2019/7/3,40.6875,40.557499
2019/7/5,40.057499,40.6875
2019/7/8,39.302502,40.057499
2019/7/9,39.327499,39.302502
2019/7/10,40.014999,39.327499
2019/7/11,41.57,40.014999
2019/7/12,41.9025,41.57
2019/7/15,41.817501,41.9025
2019/7/16,41.77,41.817501
2019/7/17,42.427502,41.77
2019/7/18,42.544998,42.427502
2019/7/19,42.110001,42.544998
2019/7/22,42.830002,42.110001
2019/7/23,43.915001,42.830002
2019/7/24,44.665001,43.915001
2019/7/25,43.345001,44.665001
2019/7/26,43.767502,43.345001
2019/7/29,43.705002,43.767502
2019/7/30,43.862499,43.705002
2019/7/31,42.18,43.862499
2019/8/1,41.23,42.18
2019/8/2,40.297501,41.23
2019/8/5,37.697498,40.297501
2019/8/6,38.087502,37.697498
2019/8/7,38.4725,38.087502
2019/8/8,39.564999,38.4725
2019/8/9,38.544998,39.564999
2019/8/12,37.862499,38.544998
2019/8/13,39.012501,37.862499
2019/8/14,37.517502,39.012501
2019/8/15,37.192501,37.517502
2019/8/16,39.889999,37.192501
2019/8/19,42.695,39.889999
2019/8/20,41.967499,42.695
2019/8/21,42.807499,41.967499
2019/8/22,42.869999,42.807499
2019/8/23,40.610001,42.869999
2019/8/26,41.362499,40.610001
2019/8/27,40.450001,41.362499
2019/8/28,40.305,40.450001
2019/8/29,41.75,40.305
2019/8/30,41.877499,41.75
2019/9/3,41.0425,41.877499
2019/9/4,42.189999,41.0425
2019/9/5,44.935001,42.189999
2019/9/6,44.662498,44.935001
2019/9/9,45.125,44.662498
2019/9/10,45.794998,45.125
2019/9/11,46.0825,45.794998
2019/9/12,46.067501,46.0825
2019/9/13,45.485001,46.067501
2019/9/16,45.052502,45.485001
2019/9/17,45.267502,45.052502
2019/9/18,44.994999,45.267502
2019/9/19,44.235001,44.994999
2019/9/20,43.172501,44.235001
2019/9/23,43.709999,43.172501
2019/9/24,43.1325,43.709999
2019/9/25,44.557499,43.1325
2019/9/26,44.334999,44.557499
2019/9/27,42.939999,44.334999
2019/9/30,43.517502,42.939999
2019/10/1,43.5,43.517502
2019/10/2,43.259998,43.5
2019/10/3,45.327499,43.259998
2019/10/4,45.4925,45.327499
2019/10/7,46.0825,45.4925
2019/10/8,44.307499,46.0825
2019/10/9,45.177502,44.307499
2019/10/10,45.7575,45.177502
2019/10/11,46.497501,45.7575
2019/10/14,46.6325,46.497501
2019/10/15,49.092499,46.6325
2019/10/16,48.552502,49.092499
2019/10/17,48.572498,48.552502
2019/10/18,47.622501,48.572498
2019/10/21,49.002499,47.622501
2019/10/22,48.9025,49.002499
2019/10/23,48.772499,48.9025
2019/10/24,49.215,48.772499
2019/10/25,51.134998,49.215
2019/10/28,51.697498,51.134998
2019/10/29,50.73,51.697498
2019/10/30,50.75,50.73
2019/10/31,50.255001,50.75
2019/11/1,50.647499,50.255001
2019/11/4,52.625,50.647499
2019/11/5,52.4025,52.625
2019/11/6,51.907501,52.4025
2019/11/7,52.084999,51.907501
2019/11/8,51.945,52.084999
2019/11/11,52.044998,51.945
2019/11/12,52.4025,52.044998
2019/11/13,52.142502,52.4025
2019/11/14,52.447498,52.142502
2019/11/15,51.047501,52.447498
2019/11/18,53.07,51.047501
2019/11/19,51.997501,53.07
2019/11/20,52.794998,51.997501
2019/11/21,52.544998,52.794998
2019/11/22,52.7225,52.544998
2019/11/25,55.302502,52.7225
2019/11/26,54.25,55.302502
2019/11/27,54.560001,54.25
2019/11/29,54.185001,54.560001
2019/12/2,52.3125,54.185001
2019/12/3,51.915001,52.3125
2019/12/4,52.355,51.915001
2019/12/5,52.185001,52.355
2019/12/6,53.0425,52.185001
2019/12/9,53.0425,53.0425
2019/12/10,53.494999,53.0425
2019/12/11,54.334999,53.494999
2019/12/12,56.017502,54.334999
2019/12/13,55.997501,56.017502
2019/12/16,56.287498,55.997501
2019/12/17,57.072498,56.287498
2019/12/18,57.377499,57.072498
2019/12/19,58.865002,57.377499
2019/12/20,59.842499,58.865002
2019/12/23,59.705002,59.842499
2019/12/24,59.654999,59.705002
2019/12/26,59.797501,59.654999
2019/12/27,59.217499,59.797501
2019/12/30,58.080002,59.217499
2019/12/31,58.825001,58.080002
2020/1/2,59.977501,58.825001
2020/1/3,59.017502,59.977501
2020/1/6,59.264999,59.017502
2020/1/7,59.982498,59.264999
2020/1/8,60.095001,59.982498
2020/1/9,60.755001,60.095001
2020/1/10,61.080002,60.755001
2020/1/13,62.994999,61.080002
2020/1/14,61.82,62.994999
2020/1/15,61.392502,61.82
2020/1/16,62.232498,61.392502
2020/1/17,62.32,62.232498
2020/1/21,61.985001,62.32
2020/1/22,62.5275,61.985001
2020/1/23,63.215,62.5275
2020/1/24,62.619999,63.215
2020/1/27,60.049999,62.619999
2020/1/28,61.9925,60.049999
2020/1/29,61.384998,61.9925
2020/1/30,61.452499,61.384998
2020/1/31,59.107498,61.452499
2020/2/3,60.0825,59.107498
2020/2/4,61.782501,60.0825
2020/2/5,62.689999,61.782501
2020/2/6,63.5625,62.689999
2020/2/7,62.897499,63.5625
2020/2/10,65.7425,62.897499
2020/2/11,66.972504,65.7425
2020/2/12,68.135002,66.972504
2020/2/13,67.695,68.135002
2020/2/14,72.447502,67.695
2020/2/18,74.142502,72.447502
2020/2/19,78.675003,74.142502
2020/2/20,77.175003,78.675003
2020/2/21,73.517502,77.175003
2020/2/24,68.32,73.517502
2020/2/25,65.512497,68.32
2020/2/26,66.912498,65.512497
2020/2/27,63.150002,66.912498
2020/2/28,67.517502,63.150002
2020/3/2,69.107498,67.517502
2020/3/3,66.472504,69.107498
2020/3/4,71.127502,66.472504
2020/3/5,68.322502,71.127502
2020/3/6,66.510002,68.322502
2020/3/9,61.360001,66.510002
2020/3/10,65.269997,61.360001
2020/3/11,61.6175,65.269997
2020/3/12,54.077499,61.6175
2020/3/13,60.209999,54.077499
2020/3/16,49.099998,60.209999
2020/3/17,54.317501,49.099998
2020/3/18,50.705002,54.317501
2020/3/19,53.2425,50.705002
2020/3/20,51.4375,53.2425
2020/3/23,53.172501,51.4375
2020/3/24,62.294998,53.172501
2020/3/25,61.404999,62.294998
2020/3/26,64.309998,61.404999
2020/3/27,63.182499,64.309998
2020/3/30,66.397499,63.182499
2020/3/31,65.900002,66.397499
2020/4/1,60.767502,65.900002
2020/4/2,63.8675,60.767502
2020/4/3,60.977501,63.8675
2020/4/6,67.099998,60.977501
2020/4/7,64.7575,67.099998
2020/4/8,66.737503,64.7575
2020/4/9,65.737503,66.737503
2020/4/13,67.462502,65.737503
2020/4/14,70.987503,67.462502
2020/4/15,70.209999,70.987503
2020/4/16,73.675003,70.209999
2020/4/17,73.080002,73.675003
2020/4/20,71.762497,73.080002
2020/4/21,67.377502,71.762497
2020/4/22,71.537498,67.377502
2020/4/23,71.002502,71.537498
2020/4/24,72.397499,71.002502
2020/4/27,74.269997,72.397499
2020/4/28,72.839996,74.269997
2020/4/29,74.614998,72.839996
2020/4/30,73.07,74.614998
2020/5/1,70.695,73.07
2020/5/4,72.822502,70.695
2020/5/5,73.434998,72.822502
2020/5/6,74.447502,73.434998
2020/5/7,76.217499,74.447502
2020/5/8,78.125,76.217499
2020/5/11,80.654999,78.125
2020/5/12,78.025002,80.654999
2020/5/13,77.800003,78.025002
2020/5/14,80.305,77.800003
2020/5/15,84.907501,80.305
2020/5/18,87.502502,84.907501
2020/5/19,88.055,87.502502
2020/5/20,89.699997,88.055
2020/5/21,87.752502,89.699997
2020/5/22,90.262497,87.752502
2020/5/26,87.177498,90.262497
2020/5/27,85.252502,87.177498
2020/5/28,84.870003,85.252502
2020/5/29,88.754997,84.870003
2020/6/1,88.0625,88.754997
2020/6/2,88.252502,88.0625
2020/6/3,87.695,88.252502
2020/6/4,87.665001,87.695
2020/6/5,89.199997,87.665001
2020/6/8,88.050003,89.199997
2020/6/9,90.459999,88.050003
2020/6/10,93.667503,90.459999
2020/6/11,87.962502,93.667503
2020/6/12,89.324997,87.962502
2020/6/15,91.737503,89.324997
2020/6/16,90.684998,91.737503
2020/6/17,92.360001,90.684998
2020/6/18,92.18,92.360001
2020/6/19,92.612503,92.18
2020/6/22,95.267502,92.612503
2020/6/23,94.5,95.267502
2020/6/24,92.355003,94.5
2020/6/25,94.900002,92.355003
2020/6/26,91.550003,94.900002
2020/6/29,92,91.550003
2020/6/30,94.977501,92
2020/7/1,95.300003,94.977501
2020/7/2,96.122498,95.300003
2020/7/6,98.392502,96.122498
2020/7/7,98.717499,98.392502
2020/7/8,102.160004,98.717499
2020/7/9,105.089996,102.160004
2020/7/10,104.792503,105.089996
2020/7/13,100.522499,104.792503
2020/7/14,103.769997,100.522499
2020/7/15,102.272499,103.769997
2020/7/16,101.347504,102.272499
2020/7/17,102.014999,101.347504
2020/7/20,105.107498,102.014999
2020/7/21,103.285004,105.107498
2020/7/22,104.387497,103.285004
2020/7/23,101.297501,104.387497
2020/7/24,101.945,101.297501
2020/7/27,104.214996,101.945
2020/7/28,102.154999,104.214996
2020/7/29,104.654999,102.154999
2020/7/30,106.139999,104.654999
2020/7/31,106.147499,106.139999
2020/8/3,110.102501,106.147499
2020/8/4,112.277496,110.102501
2020/8/5,112.8675,112.277496
2020/8/6,113.355003,112.8675
2020/8/7,111.995003,113.355003
2020/8/10,111.650002,111.995003
2020/8/11,108.5,111.650002
2020/8/12,114.402496,108.5
2020/8/13,114.43,114.402496
2020/8/14,115.639999,114.43
2020/8/17,123.370003,115.639999
2020/8/18,122.607498,123.370003
2020/8/19,121.385002,122.607498
2020/8/20,121.410004,121.385002
2020/8/21,126.834999,121.410004
2020/8/24,127.202499,126.834999
2020/8/25,127.5,127.202499
2020/8/26,127.730003,127.5
2020/8/27,126.282501,127.730003
2020/8/28,131.477493,126.282501
2020/8/31,133.744995,131.477493
2020/9/1,138.210007,133.744995
2020/9/2,143.464996,138.210007
2020/9/3,130.154999,143.464996
2020/9/4,126.224998,130.154999
2020/9/8,119.129997,126.224998
2020/9/9,127.150002,119.129997
2020/9/10,123.1175,127.150002
2020/9/11,121.644997,123.1175
2020/9/14,128.722504,121.644997
2020/9/15,129.910004,128.722504
2020/9/16,125.144997,129.910004
2020/9/17,124.635002,125.144997
2020/9/18,121.892502,124.635002
2020/9/21,125.172501,121.892502
2020/9/22,126.377502,125.172501
2020/9/23,121.237503,126.377502
2020/9/24,123.480003,121.237503
2020/9/25,128.737503,123.480003
2020/9/28,130.350006,128.737503
2020/9/29,132.257507,130.350006
2020/9/30,135.304993,132.257507
2020/10/1,136.145004,135.304993
2020/10/2,130.622498,136.145004
2020/10/5,136.425003,130.622498
2020/10/6,137.365005,136.425003
2020/10/7,139.639999,137.365005
2020/10/8,138.387497,139.639999
2020/10/9,137.627502,138.387497
2020/10/12,142.259995,137.627502
2020/10/13,142.482498,142.259995
2020/10/14,140.952499,142.482498
2020/10/15,139.699997,140.952499
2020/10/16,138.115005,139.699997
2020/10/19,134.977493,138.115005
2020/10/20,136.455002,134.977493
2020/10/21,135.247498,136.455002
2020/10/22,133.610001,135.247498
2020/10/23,135.902496,133.610001
2020/10/26,131.412506,135.902496
2020/10/27,133.967499,131.412506
2020/10/28,126.269997,133.967499
2020/10/29,130.240005,126.269997
2020/10/30,125.339996,130.240005
2020/11/2,125.807503,125.339996
2020/11/3,130.195007,125.807503
2020/11/4,137.942505,130.195007
2020/11/5,141.600006,137.942505
2020/11/6,145.619995,141.600006
2020/11/9,136.307495,145.619995
2020/11/10,127.699997,136.307495
2020/11/11,134.179993,127.699997
2020/11/12,134.567505,134.179993
2020/11/13,132.970001,134.567505
2020/11/16,135.152496,132.970001
2020/11/17,134.222504,135.152496
2020/11/18,134.287506,134.222504
2020/11/19,134.402496,134.287506
2020/11/20,130.877502,134.402496
2020/11/23,131.399994,130.877502
2020/11/24,129.577499,131.399994
2020/11/25,132.347504,129.577499
2020/11/27,132.612503,132.347504
2020/11/30,134.014999,132.612503
2020/12/1,133.899994,134.014999
2020/12/2,135.445007,133.899994
2020/12/3,133.960007,135.445007
2020/12/4,135.582504,133.960007
2020/12/7,136.067505,135.582504
2020/12/8,133.5,136.067505
2020/12/9,129.307495,133.5
2020/12/10,129.722504,129.307495
2020/12/11,130.132507,129.722504
2020/12/14,133.087494,130.132507
2020/12/15,133.604996,133.087494
2020/12/16,132.425003,133.604996
2020/12/17,133.412506,132.425003
2020/12/18,132.720001,133.412506
2020/12/21,133.322495,132.720001
2020/12/22,132.782501,133.322495
2020/12/23,130.092499,132.782501
2020/12/24,129.9375,130.092499
2020/12/28,129,129.9375
2020/12/29,129.432495,129
2020/12/30,131.457504,129.432495
2020/12/31,130.550003,131.457504
2021/1/4,131.134995,130.550003
2021/1/5,134.047501,131.134995
2021/1/6,126.144997,134.047501
2021/1/7,133.440002,126.144997
2021/1/8,132.767502,133.440002
2021/1/11,136.214996,132.767502
2021/1/12,134.847504,136.214996
2021/1/13,135.317505,134.847504
2021/1/14,132.002502,135.317505
2021/1/15,128.595001,132.002502
2021/1/19,130.252502,128.595001
2021/1/20,133.657501,130.252502
2021/1/21,138.675003,133.657501
2021/1/22,137.125,138.675003
2021/1/25,136.532501,137.125
2021/1/26,134.352493,136.532501
2021/1/27,129.177505,134.352493
2021/1/28,130.509995,129.177505
2021/1/29,129.897507,130.509995
2021/2/1,132.369995,129.897507
2021/2/2,135.567505,132.369995
2021/2/3,135.304993,135.567505
2021/2/4,136.642502,135.304993
2021/2/5,135.910004,136.642502
2021/2/8,144.387497,135.910004
2021/2/9,142.632507,144.387497
2021/2/10,147.642502,142.632507
2021/2/11,152.507507,147.642502
2021/2/12,149.612503,152.507507
2021/2/16,153.302505,149.612503
2021/2/17,149.059998,153.302505
2021/2/18,148.289993,149.059998
2021/2/19,149.264999,148.289993
2021/2/22,143.557495,149.264999
2021/2/23,141.419998,143.557495
2021/2/24,144.990005,141.419998
2021/2/25,133.074997,144.990005
2021/2/26,137.145004,133.074997
2021/3/1,138.417496,137.145004
2021/3/2,134.0625,138.417496
2021/3/3,128.047501,134.0625
2021/3/4,123.702499,128.047501
2021/3/5,124.614998,123.702499
2021/3/8,115.932503,124.614998
2021/3/9,125.202499,115.932503
2021/3/10,124.682503,125.202499
2021/3/11,129.934998,124.682503
2021/3/12,128.559998,129.934998
2021/3/15,131.912506,128.559998
2021/3/16,132.912506,131.912506
2021/3/17,133.412506,132.912506
2021/3/18,127.224998,133.412506
2021/3/19,128.457504,127.224998
2021/3/22,131.862503,128.457504
2021/3/23,130.707504,131.862503
2021/3/24,126.43,130.707504
2021/3/25,125.352501,126.43
2021/3/26,128.392502,125.352501
2021/3/29,129.482498,128.392502
2021/3/30,128.717499,129.482498
2021/3/31,133.482498,128.717499
2021/4/1,138.117493,133.482498
2021/4/5,139.875,138.117493
2021/4/6,138.615005,139.875
2021/4/7,141.434998,138.615005
2021/4/8,143.169998,141.434998
2021/4/9,144,143.169998
2021/4/12,152.089996,144
2021/4/13,156.794998,152.089996
2021/4/14,152.770004,156.794998
2021/4/15,161.372498,152.770004
2021/4/16,159.125,161.372498
2021/4/19,153.617493,159.125
2021/4/20,151.712494,153.617493
2021/4/21,153.604996,151.712494
2021/4/22,148.502502,153.604996
2021/4/23,152.652496,148.502502
2021/4/26,154.779999,152.652496
2021/4/27,153.817505,154.779999
2021/4/28,152.767502,153.817505
2021/4/29,153.247498,152.767502
2021/4/30,150.095001,153.247498
2021/5/3,148.367493,150.095001
2021/5/4,143.512497,148.367493
2021/5/5,144.585007,143.512497
2021/5/6,145.229996,144.585007
2021/5/7,148.122498,145.229996
2021/5/10,142.657501,148.122498
2021/5/11,143.0625,142.657501
2021/5/12,137.585007,143.0625
2021/5/13,136.652496,137.585007
2021/5/14,142.429993,136.652496
2021/5/17,141.654999,142.429993
2021/5/18,140.157501,141.654999
2021/5/19,140.657501,140.157501
2021/5/20,146.125,140.657501
2021/5/21,149.917496,146.125
2021/5/24,156.119995,149.917496
2021/5/25,156.477493,156.119995
2021/5/26,157,156.477493
2021/5/27,154.880005,157
2021/5/28,162.445007,154.880005
2021/6/1,162.645004,162.445007
2021/6/2,167.782501,162.645004
2021/6/3,169.697495,167.782501
2021/6/4,175.782501,169.697495
2021/6/7,176.190002,175.782501
2021/6/8,174.570007,176.190002
2021/6/9,173.582504,174.570007
2021/6/10,174.25,173.582504
2021/6/11,178.252502,174.25
2021/6/14,180.1875,178.252502
2021/6/15,177.884995,180.1875
2021/6/16,178.102493,177.884995
2021/6/17,186.572495,178.102493
2021/6/18,186.387497,186.572495
2021/6/21,184.272507,186.387497
2021/6/22,188.867493,184.272507
2021/6/23,190.572495,188.867493
2021/6/24,192.054993,190.572495
2021/6/25,190.309998,192.054993
2021/6/28,199.850006,190.309998
2021/6/29,200.267502,199.850006
2021/6/30,200.024994,200.267502
2021/7/1,202.119995,200.024994
2021/7/2,204.869995,202.119995
2021/7/6,206.985001,204.869995
2021/7/7,203.717499,206.985001
2021/7/8,199.027496,203.717499
2021/7/9,200.502502,199.027496
2021/7/12,205.125,200.502502
2021/7/13,202.5,205.125
2021/7/14,198.414993,202.5
2021/7/15,189.662506,198.414993
2021/7/16,181.610001,189.662506
2021/7/19,187.797501,181.610001
2021/7/20,186.119995,187.797501
2021/7/21,194.100006,186.119995
2021/7/22,195.940002,194.100006
2021/7/23,195.580002,195.940002
2021/7/26,192.940002,195.580002
2021/7/27,192.080002,192.940002
2021/7/28,195.029999,192.080002
2021/7/29,196.619995,195.029999
2021/7/30,194.990005,196.619995
2021/8/2,197.5,194.990005
2021/8/3,198.149994,197.5
2021/8/4,202.740005,198.149994
2021/8/5,206.369995,202.740005
2021/8/6,203.660004,206.369995
2021/8/9,202.949997,203.660004
2021/8/10,199.360001,202.949997
2021/8/11,196.990005,199.360001
2021/8/12,199.050003,196.990005
2021/8/13,201.880005,199.050003
2021/8/16,199.5,201.880005
2021/8/17,194.580002,199.5
2021/8/18,190.399994,194.580002
2021/8/19,197.979996,190.399994
2021/8/20,208.160004,197.979996
2021/8/23,219.580002,208.160004
2021/8/24,217.929993,219.580002
2021/8/25,222.130005,217.929993
2021/8/26,220.679993,222.130005
2021/8/27,226.360001,220.679993
2021/8/30,226.880005,226.360001
2021/8/31,223.850006,226.880005
2021/9/1,224.410004,223.850006
2021/9/2,223.960007,224.410004
2021/9/3,228.429993,223.960007
2021/9/7,226.619995,228.429993
2021/9/8,223.389999,226.619995
2021/9/9,221.770004,223.389999
2021/9/10,224.779999,221.770004
2021/9/13,221.520004,224.779999
2021/9/14,222.419998,221.520004
2021/9/15,223.410004,222.419998
2021/9/16,222.419998,223.410004
2021/9/17,219,222.419998
2021/9/20,211.130005,219
2021/9/21,212.460007,211.130005
2021/9/22,219.410004,212.460007
2021/9/23,224.820007,219.410004
2021/9/24,220.809998,224.820007
2021/9/27,216.600006,220.809998
2021/9/28,206.990005,216.600006
2021/9/29,205.169998,206.990005
2021/9/30,207.160004,205.169998
2021/10/1,207.419998,207.160004
2021/10/4,197.320007,207.419998
2021/10/5,204.509995,197.320007
2021/10/6,207,204.509995
2021/10/7,210.75,207
2021/10/8,208.309998,210.75
2021/10/11,206.949997,208.309998
2021/10/12,206.710007,206.949997
2021/10/13,209.389999,206.710007
2021/10/14,217.460007,209.389999
2021/10/15,218.619995,217.460007
2021/10/18,222.220001,218.619995
2021/10/19,222.899994,222.220001
2021/10/20,221.029999,222.899994
2021/10/21,226.919998,221.029999
2021/10/22,227.259995,226.919998
2021/10/25,231.660004,227.259995
2021/10/26,247.169998,231.660004
2021/10/27,244.509995,247.169998
2021/10/28,249.410004,244.509995
2021/10/29,255.669998,249.410004
2021/11/1,258.269989,255.669998
2021/11/2,264.01001,258.269989
2021/11/3,265.980011,264.01001
2021/11/4,298.01001,265.980011
2021/11/5,297.519989,298.01001
2021/11/8,308.040009,297.519989
2021/11/9,306.570007,308.040009
2021/11/10,294.589996,306.570007
2021/11/11,303.899994,294.589996
2021/11/12,303.899994,303.899994
2021/11/15,300.25,303.899994
2021/11/16,302.029999,300.25
2021/11/17,292.609985,302.029999
2021/11/18,316.75,292.609985
2021/11/19,329.850006,316.75
2021/11/22,319.559998,329.850006
2021/11/23,317.459991,319.559998
2021/11/24,326.73999,317.459991
2021/11/26,315.029999,326.73999
2021/11/29,333.76001,315.029999
2021/11/30,326.76001,333.76001
2021/12/1,314.350006,326.76001
2021/12/2,321.26001,314.350006
2021/12/3,306.929993,321.26001
2021/12/6,300.369995,306.929993
2021/12/7,324.269989,300.369995
2021/12/8,318.26001,324.269989
2021/12/9,304.899994,318.26001
2021/12/10,301.980011,304.899994
2021/12/13,281.609985,301.980011
2021/12/14,283.369995,281.609985
2021/12/15,304.589996,283.369995
2021/12/16,283.869995,304.589996
2021/12/17,278.01001,283.869995
2021/12/20,277.190002,278.01001
2021/12/21,290.75,277.190002
2021/12/22,294,290.75
2021/12/23,296.399994,294
2021/12/27,309.450012,296.399994
2021/12/28,303.220001,309.450012
2021/12/29,300.01001,303.220001
2021/12/30,295.859985,300.01001
2021/12/31,294.109985,295.859985
2022/1/3,301.209991,294.109985
2022/1/4,292.899994,301.209991
2022/1/5,276.040009,292.899994
2022/1/6,281.779999,276.040009
2022/1/7,272.470001,281.779999
2022/1/10,274,272.470001
2022/1/11,278.170013,274
2022/1/12,279.98999,278.170013
2022/1/13,265.75,279.98999
2022/1/14,269.420013,265.75
2022/1/18,259.029999,269.420013
2022/1/19,250.669998,259.029999
2022/1/20,241.5,250.669998
2022/1/21,233.740005,241.5
2022/1/24,233.720001,233.740005
2022/1/25,223.240005,233.720001
2022/1/26,227.720001,223.240005
2022/1/27,219.440002,227.720001
2022/1/28,228.399994,219.440002
2022/1/31,244.860001,228.399994
2022/2/1,246.380005,244.860001
2022/2/2,252.419998,246.380005
2022/2/3,239.479996,252.419998
2022/2/4,243.190002,239.479996
2022/2/7,247.279999,243.190002
2022/2/8,251.080002,247.279999
2022/2/9,267.049988,251.080002
2022/2/10,258.23999,267.049988
2022/2/11,239.490005,258.23999
2022/2/14,242.669998,239.490005
2022/2/15,264.950012,242.669998
2022/2/16,265.109985,264.950012
2022/2/17,245.070007,265.109985
2022/2/18,236.419998,245.070007
2022/2/22,233.899994,236.419998
2022/2/23,223.869995,233.899994
2022/2/24,237.479996,223.869995
2022/2/25,241.570007,237.479996
2022/2/28,243.850006,241.570007
2022/3/1,234.770004,243.850006
2022/3/2,242.199997,234.770004
2022/3/3,237.139999,242.199997
2022/3/4,229.360001,237.139999
2022/3/7,213.520004,229.360001
2022/3/8,215.139999,213.520004
2022/3/9,230.139999,215.139999
2022/3/10,226.580002,230.139999
2022/3/11,221,226.580002
2022/3/14,213.300003,221
2022/3/15,229.729996,213.300003
2022/3/16,244.960007,229.729996
2022/3/17,247.660004,244.960007
2022/3/18,264.529999,247.660004
2022/3/21,267.339996,264.529999
2022/3/22,265.23999,267.339996
2022/3/23,256.339996,265.23999
2022/3/24,281.5,256.339996
2022/3/25,276.920013,281.5
2022/3/28,282.190002,276.920013
2022/3/29,286.559998,282.190002
2022/3/30,276.899994,286.559998
2022/3/31,272.859985,276.899994
2022/4/1,267.119995,272.859985
2022/4/4,273.600006,267.119995
2022/4/5,259.309998,273.600006
2022/4/6,244.070007,259.309998
2022/4/7,242.080002,244.070007
2022/4/8,231.190002,242.080002
2022/4/11,219.169998,231.190002
2022/4/12,215.039993,219.169998
2022/4/13,222.029999,215.039993
2022/4/14,212.580002,222.029999
2022/4/18,217.830002,212.580002
2022/4/19,221.979996,217.830002
2022/4/20,214.820007,221.979996
2022/4/21,201.830002,214.820007
2022/4/22,195.149994,201.830002
2022/4/25,199.020004,195.149994
2022/4/26,187.880005,199.020004
2022/4/27,184.149994,187.880005
2022/4/28,197.820007,184.149994
2022/4/29,185.470001,197.820007
2022/5/2,195.330002,185.470001
2022/5/3,196.020004,195.330002
2022/5/4,203.339996,196.020004
2022/5/5,188.440002,203.339996
2022/5/6,186.75,188.440002
2022/5/9,169.5,186.75
2022/5/10,175.949997,169.5
2022/5/11,166.300003,175.949997
2022/5/12,161.75,166.300003
2022/5/13,177.059998,161.75
2022/5/16,172.639999,177.059998
2022/5/17,181.770004,172.639999
2022/5/18,169.380005,181.770004
2022/5/19,171.240005,169.380005
2022/5/20,166.940002,171.240005
2022/5/23,168.979996,166.940002
2022/5/24,161.539993,168.979996
2022/5/25,169.75,161.539993
2022/5/26,178.509995,169.75
2022/5/27,188.110001,178.509995
2022/5/31,186.720001,188.110001
2022/6/1,183.199997,186.720001
2022/6/2,195.919998,183.199997
2022/6/3,187.199997,195.919998
2022/6/6,187.860001,187.199997
2022/6/7,189.259995,187.860001
2022/6/8,186.479996,189.259995
2022/6/9,180.479996,186.479996
2022/6/10,169.740005,180.479996
2022/6/13,156.470001,169.740005
2022/6/14,158.360001,156.470001
2022/6/15,165.270004,158.360001
2022/6/16,156.009995,165.270004
2022/6/17,158.800003,156.009995
2022/6/21,165.660004,158.800003
2022/6/22,163.600006,165.660004
2022/6/23,162.25,163.600006
2022/6/24,171.259995,162.25
2022/6/27,168.690002,171.259995
2022/6/28,159.820007,168.690002
2022/6/29,155.419998,159.820007
2022/6/30,151.589996,155.419998
2022/7/1,145.229996,151.589996
2022/7/5,149.639999,145.229996
2022/7/6,151.300003,149.639999
2022/7/7,158.580002,151.300003
2022/7/8,158.380005,158.580002
2022/7/11,151.520004,158.380005
2022/7/12,150.820007,151.520004
2022/7/13,151.639999,150.820007
2022/7/14,153.720001,151.639999
2022/7/15,157.619995,153.720001
2022/7/18,161.009995,157.619995
2022/7/19,169.919998,161.009995
2022/7/20,178.070007,169.919998
2022/7/21,180.5,178.070007
2022/7/22,173.190002,180.5
2022/7/25,170.240005,173.190002
2022/7/26,165.330002,170.240005
2022/7/27,177.899994,165.330002
2022/7/28,179.839996,177.899994
2022/7/29,181.630005,179.839996
2022/8/1,184.410004,181.630005
2022/8/2,185.259995,184.410004
2022/8/3,188.929993,185.259995
2022/8/4,192.149994,188.929993
2022/8/5,189.889999,192.149994
2022/8/8,177.929993,189.889999
2022/8/9,170.860001,177.929993
2022/8/10,180.970001,170.860001
2022/8/11,179.419998,180.970001
2022/8/12,187.089996,179.419998
2022/8/15,190.320007,187.089996
2022/8/16,188.789993,190.320007
2022/8/17,183.350006,188.789993
2022/8/18,187.729996,183.350006
2022/8/19,178.490005,187.729996
2022/8/22,170.339996,178.490005
2022/8/23,171.809998,170.339996
2022/8/24,172.220001,171.809998
2022/8/25,179.130005,172.220001
2022/8/26,162.600006,179.130005
2022/8/29,158.009995,162.600006
2022/8/30,154.679993,158.009995
2022/8/31,150.940002,154.679993
2022/9/1,139.369995,150.940002
2022/9/2,136.470001,139.369995
2022/9/6,134.649994,136.470001
2022/9/7,137.139999,134.649994
2022/9/8,139.899994,137.139999
2022/9/9,143.869995,139.899994
2022/9/12,145.050003,143.869995
2022/9/13,131.309998,145.050003
2022/9/14,131.279999,131.309998
2022/9/15,129.289993,131.279999
2022/9/16,131.979996,129.289993
2022/9/19,133.820007,131.979996
2022/9/20,131.759995,133.820007
2022/9/21,132.610001,131.759995
2022/9/22,125.610001,132.610001
2022/9/23,125.160004,125.610001
2022/9/26,122.279999,125.160004
2022/9/27,124.129997,122.279999
2022/9/28,127.360001,124.129997
2022/9/29,122.199997,127.360001
2022/9/30,121.389999,122.199997
2022/10/3,125.120003,121.389999
2022/10/4,131.669998,125.120003
2022/10/5,132.089996,131.669998
2022/10/6,131.300003,132.089996
2022/10/7,120.760002,131.300003
2022/10/10,116.699997,120.760002
2022/10/11,115.860001,116.699997
2022/10/12,115,115.860001
2022/10/13,119.599998,115
2022/10/14,112.269997,119.599998
2022/10/17,118.879997,112.269997
2022/10/18,119.669998,118.879997
2022/10/19,120.510002,119.669998
2022/10/20,121.940002,120.510002
2022/10/21,124.660004,121.940002
2022/10/24,125.989998,124.660004
2022/10/25,132.610001,125.989998
2022/10/26,128.960007,132.610001
2022/10/27,131.759995,128.960007
2022/10/28,138.339996,131.759995
2022/10/31,134.970001,138.339996
2022/11/1,135.429993,134.970001
2022/11/2,132.190002,135.429993
2022/11/3,134.210007,132.190002
2022/11/4,141.559998,134.210007
2022/11/7,143.009995,141.559998
2022/11/8,146.020004,143.009995
2022/11/9,137.759995,146.020004
2022/11/10,157.5,137.759995
2022/11/11,163.270004,157.5
2022/11/14,162.949997,163.270004
2022/11/15,166.660004,162.949997
2022/11/16,159.100006,166.660004
2022/11/17,156.770004,159.100006
2022/11/18,154.089996,156.770004
2022/11/21,153.169998,154.089996
2022/11/22,160.380005,153.169998
2022/11/23,165.190002,160.380005
2022/11/25,162.699997,165.190002
2022/11/28,158.270004,162.699997
2022/11/29,156.389999,158.270004
2022/11/30,169.229996,156.389999
2022/12/1,171.350006,169.229996
2022/12/2,168.759995,171.350006
2022/12/5,166.100006,168.759995
2022/12/6,159.869995,166.100006
2022/12/7,161.199997,159.869995
2022/12/8,171.690002,161.199997
2022/12/9,170.009995,171.690002
2022/12/12,175.350006,170.009995
2022/12/13,180.720001,175.350006
2022/12/14,176.740005,180.720001
2022/12/15,169.520004,176.740005
2022/12/16,165.710007,169.520004
2022/12/19,162.539993,165.710007
2022/12/20,160.850006,162.539993
2022/12/21,165.009995,160.850006
2022/12/22,153.389999,165.009995
2022/12/23,152.059998,153.389999
2022/12/27,141.210007,152.059998
2022/12/28,140.360001,141.210007
2022/12/29,146.029999,140.360001
2022/12/30,146.139999,146.029999
2023/1/3,143.149994,146.139999
2023/1/4,147.490005,143.149994
2023/1/5,142.649994,147.490005
2023/1/6,148.589996,142.649994
2023/1/9,156.279999,148.589996
2023/1/10,159.089996,156.279999
2023/1/11,160.009995,159.089996
2023/1/12,165.110001,160.009995
2023/1/13,168.990005,165.110001
2023/1/17,177.020004,168.990005
2023/1/18,173.770004,177.020004
2023/1/19,167.649994,173.770004
2023/1/20,178.389999,167.649994
2023/1/23,191.929993,178.389999
2023/1/24,192.649994,191.929993
2023/1/25,193.229996,192.649994
2023/1/26,198.020004,193.229996
2023/1/27,203.649994,198.020004
2023/1/30,191.619995,203.649994
2023/1/31,195.369995,191.619995
2023/2/1,209.429993,195.369995
2023/2/2,217.089996,209.429993
2023/2/3,211,217.089996
2023/2/6,210.889999,211
2023/2/7,221.729996,210.889999
2023/2/8,222.050003,221.729996
2023/2/9,223.369995,222.050003
2023/2/10,212.649994,223.369995
2023/2/13,217.880005,212.649994
2023/2/14,229.710007,217.880005
2023/2/15,227.639999,229.710007
2023/2/16,220.020004,227.639999
2023/2/17,213.880005,220.020004
2023/2/21,206.550003,213.880005
2023/2/22,207.539993,206.550003
2023/2/23,236.639999,207.539993
2023/2/24,232.860001,236.639999
2023/2/27,235.009995,232.860001
2023/2/28,232.160004,235.009995
2023/3/1,226.979996,232.160004
2023/3/2,233.139999,226.979996
2023/3/3,238.899994,233.139999
2023/3/6,235.539993,238.899994
2023/3/7,232.880005,235.539993
2023/3/8,241.809998,232.880005
2023/3/9,234.360001,241.809998
2023/3/10,229.649994,234.360001
2023/3/13,229.660004,229.649994
2023/3/14,240.630005,229.660004
2023/3/15,242.279999,240.630005
2023/3/16,255.410004,242.279999
2023/3/17,257.25,255.410004
2023/3/20,259,257.25
2023/3/21,261.98999,259
2023/3/22,264.679993,261.98999
2023/3/23,271.910004,264.679993
2023/3/24,267.790009,271.910004
2023/3/27,265.309998,267.790009
2023/3/28,264.100006,265.309998
2023/3/29,269.839996,264.100006
2023/3/30,273.829987,269.839996
2023/3/31,277.769989,273.829987
2023/4/3,279.649994,277.769989
2023/4/4,274.529999,279.649994
2023/4/5,268.809998,274.529999
2023/4/6,270.369995,268.809998
2023/4/10,275.790009,270.369995
2023/4/11,271.690002,275.790009
2023/4/12,264.950012,271.690002
2023/4/13,264.630005,264.950012
2023/4/14,267.579987,264.630005
2023/4/17,270.019989,267.579987
2023/4/18,276.670013,270.019989
2023/4/19,279.309998,276.670013
2023/4/20,271.040009,279.309998
2023/4/21,271.190002,271.040009
2023/4/24,270.420013,271.190002
2023/4/25,262.410004,270.420013
2023/4/26,269.559998,262.410004
2023/4/27,272.26001,269.559998
2023/4/28,277.48999,272.26001
2023/5/1,289.100006,277.48999
2023/5/2,282.100006,289.100006
2023/5/3,278.019989,282.100006
2023/5/4,275.619995,278.019989
2023/5/5,286.799988,275.619995
2023/5/8,291.51001,286.799988
2023/5/9,285.709991,291.51001
2023/5/10,288.850006,285.709991
2023/5/11,285.779999,288.850006
2023/5/12,283.399994,285.779999
2023/5/15,289.529999,283.399994
2023/5/16,292.130005,289.529999
2023/5/17,301.779999,292.130005
2023/5/18,316.779999,301.779999
2023/5/19,312.640015,316.779999
2023/5/22,311.76001,312.640015
2023/5/23,306.880005,311.76001
2023/5/24,305.380005,306.880005
2023/5/25,379.799988,305.380005
